Country,Year,Production
Argentina,1982,572
Argentina,1987,95
Australia,1982,4422
Belgium,1982,44
Belgium,1984,50
Belgium,1987,54
Brazil,1981,5
Brazil,1986,26
Brazil,1988,15
Brazil,1989,30
Canada,1981,7507
Canada,1986,11722
Canada,1987,12437
Canada,1989,11427
Czechoslovakia,1990,2142
France,1981,2554
France,1986,3237
France,1990,2935
France,1991,2479
Gabon,1985,939
Gabon,1991,678
German Federal Republic,1983,48
India,1984,100
India,1985,115
India,1987,127
India,1991,200
Namibia,1981,3970
Namibia,1987,3540
Namibia,1988,3510
Niger,1987,2968
Niger,1989,2980
Portugal,1987,126
South Africa,1981,6135
South Africa,1982,5792
South Africa,1984,5732
South Africa,1986,4630
South Africa,1989,2931
South Africa,1990,2438
Spain,1988,228
Spain,1989,228
Spain,1990,164
USA,1983,8200
USA,1984,5700
USA,1985,4300
Yugoslavia,1983,0
Yugoslavia,1986,68
Yugoslavia,1990,53
Yugoslavia,1991,5
Argentina,1994,80
Australia,1993,2256
Australia,1996,4976
Australia,2000,7588
Australia,2002,7146
Brazil,1992,0
Brazil,2002,270
Canada,1997,12020
Canada,2000,10683
Canada,2001,12487
China,1994,780
Czech Republic,1995,611
Czech Republic,2000,498
France,1994,1027
France,2000,319
Gabon,1994,589
Germany,1992,232
Hungary,1994,415
Hungary,1995,221
Hungary,1997,222
India,1996,200
India,1997,200
Kazakhstan,1992,2802
Namibia,1992,1528
Namibia,1994,1724
Namibia,1996,2222
Pakistan,1993,23
Pakistan,1995,23
Pakistan,1997,23
Portugal,1995,19
Portugal,1996,14
Portugal,2001,4
Portugal,2002,2
Russia,1997,2000
Russia,1998,2000
South Africa,2001,903
Spain,1992,187
Spain,1993,183
Spain,1998,255
Spain,2001,0
USA,1998,1810
USA,2000,1522
Ukraine,1995,500
Uzbekistan,1992,2680
Uzbekistan,1999,2130
Uzbekistan,2000,2350
Australia,2007,8603
Australia,2013,6393
Brazil,2004,300
Brazil,2009,345
Brazil,2013,192
Canada,2007,9475
China,2003,750
China,2007,712
China,2013,1500
Czech Republic,2005,420
Czech Republic,2006,383
Czech Republic,2011,252
Germany,2006,65
Germany,2010,8
India,2007,270
India,2011,400
Kazakhstan,2004,3719
Kazakhstan,2008,8521
Malawi,2006,0
Malawi,2007,0
Malawi,2012,1102
Namibia,2008,4371
Namibia,2011,3262
Namibia,2013,4328
Niger,2010,4198
Niger,2013,4277
Pakistan,2010,45
Romania,2006,90
Romania,2011,77
Russia,2004,3280
Russia,2009,3565
Russia,2011,2993
South Africa,2003,758
South Africa,2006,542
South Africa,2007,525
South Africa,2008,555
South Africa,2012,467
USA,2010,1628
Ukraine,2003,800
Ukraine,2006,800
Ukraine,2010,850
Uzbekistan,2003,1770
Uzbekistan,2013,2400
Brazil,2022,43
Canada,2016,14037
Canada,2017,12433
Canada,2018,7320
Canada,2019,6871
Canada,2021,4616
China,2017,1692
China,2019,1885
Czech Republic,2022,21
Germany,2015,0
India,2018,423
Iran,2016,0
Iran,2017,40
Iran,2018,71
Iran,2020,71
Kazakhstan,2015,23607
Malawi,2014,369
Namibia,2014,3311
Namibia,2015,2950
Namibia,2016,3657
Namibia,2017,4529
Namibia,2019,5622
Niger,2015,4115
Niger,2022,2020
Pakistan,2019,45
Pakistan,2020,45
Pakistan,2022,45
Romania,2014,77
Romania,2016,50
Russia,2019,2911
South Africa,2015,448
South Africa,2017,358
South Africa,2019,163
South Africa,2020,124
USA,2016,1123
Ukraine,2014,926
Ukraine,2018,790
Uzbekistan,2014,2400
Uzbekistan,2019,3500
Uzbekistan,2020,3500
Argentina,1970,42
Argentina,1973,39
Australia,1976,359
Australia,1977,356
Australia,1978,516
Belgium,1980,20
Canada,1979,6530
Canada,1980,6739
France,1971,1280
France,1973,1578
France,1974,1716
France,1976,1871
Gabon,1972,444
German Federal Republic,1977,15
India,1980,103
Namibia,1978,2693
Namibia,1979,3831
Niger,1971,431
Portugal,1972,81
South Africa,1970,3168
South Africa,1976,2788
South Africa,1977,3368
Spain,1970,71
Spain,1973,79
Spain,1975,147
Spain,1977,163
USA,1970,9825
USA,1971,9932
Argentina,1981,187
Argentina,1983,172
Argentina,1989,52
Australia,1983,3211
Belgium,1986,50
Brazil,1990,5
Canada,1983,6823
Canada,1985,10866
Canada,1988,12461
China,1988,344
France,1984,3117
France,1989,3334
Gabon,1983,1009
Gabon,1984,918
Gabon,1987,794
Gabon,1989,890
German Federal Republic,1981,36
German Federal Republic,1986,22
India,1982,99
India,1990,210
Namibia,1985,3400
Namibia,1990,3325
Niger,1984,3273
Portugal,1981,90
Portugal,1983,93
Portugal,1984,103
Portugal,1989,129
South Africa,1983,6039
South Africa,1988,3886
Soviet Union,1991,10500
Spain,1983,175
Spain,1991,195
USA,1990,3430
USA,1991,3059
Yugoslavia,1988,79
Argentina,1993,126
Argentina,1999,8
Australia,1992,2334
Australia,1994,2208
Brazil,1999,0
Canada,1993,9154
Canada,1994,9644
Canada,1998,10936
China,1997,500
China,1998,500
China,2001,665
Czech Republic,1993,1018
Czech Republic,1994,537
Czech Republic,2001,490
France,1993,1708
France,1995,981
Gabon,1997,472
Germany,1993,116
Germany,2002,221
Hungary,1992,430
India,2001,230
Kazakhstan,1995,1630
Kazakhstan,1997,1000
Kazakhstan,1998,1074
Kazakhstan,1999,1367
Niger,1992,2965
Niger,1994,2964
Niger,1996,3326
Niger,1997,3492
Niger,2001,2919
Niger,2002,3076
Pakistan,2002,38
Portugal,2000,13
Romania,1995,100
Romania,1996,100
Romania,1999,100
Russia,1992,2640
Russia,1996,2000
Spain,1995,254
USA,1994,1289
USA,1995,2324
USA,1996,2420
USA,1997,2171
USA,2001,1015
USA,2002,901
Ukraine,2000,500
Uzbekistan,1996,1459
Uzbekistan,2001,1962
Australia,2006,7606
Australia,2008,8471
Australia,2011,5961
Brazil,2006,190
Brazil,2012,326
Canada,2011,9145
Canada,2012,8998
China,2004,750
China,2009,750
Czech Republic,2004,435
Czech Republic,2008,290
Germany,2008,0
Germany,2012,50
Germany,2013,27
India,2004,230
India,2005,230
India,2008,271
India,2009,290
Kazakhstan,2003,3300
Malawi,2010,671
Namibia,2009,4631
Pakistan,2004,45
Pakistan,2012,45
Romania,2003,90
Romania,2009,75
Russia,2005,3431
Russia,2007,3413
Russia,2010,3563
South Africa,2004,752
South Africa,2010,579
South Africa,2011,556
USA,2012,1596
Ukraine,2004,800
Ukraine,2012,960
Uzbekistan,2004,2035
Australia,2018,6562
Brazil,2014,55
Brazil,2015,40
Brazil,2016,44
Brazil,2019,0
China,2015,1616
China,2022,1700
Czech Republic,2015,134
Czech Republic,2018,34
Czech Republic,2020,29
Czech Republic,2021,27
Germany,2022,0
India,2020,400
Iran,2015,38
Namibia,2018,5882
Namibia,2021,5754
Niger,2018,2910
Niger,2020,2991
Pakistan,2016,45
Russia,2015,3055
Russia,2018,2904
Russia,2022,2508
South Africa,2014,566
South Africa,2016,382
USA,2015,1287
USA,2019,58
Ukraine,2017,707
Uzbekistan,2015,2385
Uzbekistan,2017,3400
Argentina,1972,38
Argentina,1979,745
Canada,1970,3157
France,1970,1295
France,1972,1427
France,1978,2911
France,1979,3332
France,1980,2845
Gabon,1970,377
Gabon,1974,770
Gabon,1978,1022
Namibia,1977,2340
Namibia,1980,4036
Niger,1975,1305
Niger,1977,1441
Portugal,1974,92
Portugal,1979,102
South Africa,1973,2623
South Africa,1975,2488
Spain,1971,125
Spain,1978,153
USA,1973,10182
USA,1976,9750
USA,1978,14250
USA,1979,14400
Argentina,1988,142
Argentina,1991,18
Australia,1986,4154
Australia,1990,3530
Australia,1991,3776
Brazil,1982,243
Brazil,1983,194
Brazil,1984,117
Brazil,1987,104
Brazil,1991,0
Canada,1982,7643
Canada,1984,10272
Canada,1991,8161
Czechoslovakia,1991,1778
France,1983,3132
France,1985,3248
Gabon,1988,930
Germany,1991,1207
India,1981,103
India,1988,120
Namibia,1983,3713
Namibia,1989,3186
Niger,1981,4367
Niger,1990,2832
Niger,1991,2964
Portugal,1985,105
South Africa,1987,3965
Spain,1985,201
USA,1989,5308
Yugoslavia,1981,0
Argentina,1997,35
Argentina,1998,8
Australia,1995,3712
Australia,1997,5490
Canada,2002,11607
China,1996,500
China,2000,500
Czech Republic,1996,589
Czechoslovakia,1992,1539
Gabon,1998,731
Germany,1997,27
Germany,2001,27
India,1992,230
India,1999,200
India,2000,200
Kazakhstan,1996,1210
Namibia,1993,1512
Namibia,1997,2633
Namibia,1999,2437
Namibia,2000,2461
Niger,1993,2913
Niger,1995,2974
Niger,2000,2898
Pakistan,1996,23
Pakistan,1998,23
Portugal,1994,24
Portugal,1998,19
Portugal,1999,10
Romania,1997,100
Romania,1998,100
Romania,2000,50
Romania,2001,85
Romania,2002,90
Spain,1994,255
Spain,1999,255
Spain,2002,0
USA,1993,1192
Ukraine,1992,500
Ukraine,1994,500
Uzbekistan,1993,2600
Uzbekistan,1995,1800
Uzbekistan,1997,1764
Uzbekistan,2002,1860
Australia,2003,7633
Australia,2004,9010
Australia,2005,9516
Australia,2009,7942
Australia,2012,7010
Brazil,2003,310
Brazil,2007,299
Canada,2003,10456
Canada,2005,11627
Canada,2013,9331
China,2005,750
Germany,2011,52
India,2010,400
India,2012,385
Kazakhstan,2005,4357
Kazakhstan,2006,5279
Kazakhstan,2007,6637
Kazakhstan,2010,17803
Kazakhstan,2012,21317
Kazakhstan,2013,22567
Malawi,2008,0
Malawi,2009,90
Namibia,2004,3159
Namibia,2005,3151
Niger,2003,3143
Niger,2006,3431
Niger,2007,3153
Pakistan,2005,45
Pakistan,2007,45
Romania,2007,77
Romania,2010,77
Romania,2012,90
South Africa,2005,674
South Africa,2009,533
USA,2004,878
USA,2005,1034
USA,2006,1581
USA,2007,1746
USA,2009,1428
Ukraine,2005,800
Ukraine,2009,840
Ukraine,2011,890
Uzbekistan,2007,2320
Uzbekistan,2010,2400
Uzbekistan,2011,3000
Australia,2019,6553
Australia,2020,6168
Brazil,2021,29
Canada,2015,13324
Canada,2020,4085
China,2014,1500
China,2016,1616
China,2018,1885
China,2020,1885
Czech Republic,2016,128
Czech Republic,2017,59
Germany,2018,0
Germany,2019,24
India,2021,615
Kazakhstan,2019,22808
Kazakhstan,2020,19477
Pakistan,2014,45
Pakistan,2015,45
Pakistan,2017,45
Pakistan,2021,45
Russia,2020,2846
Russia,2021,2635
South Africa,2018,196
USA,2014,1884
USA,2017,940
Ukraine,2015,1200
Ukraine,2021,455
Ukraine,2022,100
Uzbekistan,2021,3500
Uzbekistan,2022,3500
Argentina,1971,42
Argentina,1978,143
Canada,1974,3689
Canada,1975,4679
Canada,1976,5438
Canada,1978,6800
France,1975,1730
France,1977,2048
Gabon,1971,446
Gabon,1973,650
Gabon,1976,965
Gabon,1977,907
Gabon,1979,1100
German Federal Republic,1979,29
Namibia,1975,0
Niger,1974,1120
Niger,1976,1460
Niger,1978,2062
Portugal,1971,80
Portugal,1975,115
Portugal,1980,72
South Africa,1971,3200
Spain,1972,116
Spain,1979,162
USA,1972,9924
USA,1977,11360
Argentina,1990,9
Australia,1981,2922
Australia,1985,3206
Australia,1987,3780
Australia,1989,3800
Belgium,1983,43
Canada,1990,8770
China,1991,800
France,1982,2872
France,1987,3376
France,1988,3370
Gabon,1982,970
Gabon,1990,709
Hungary,1991,417
India,1986,125
India,1989,210
Namibia,1982,3777
Namibia,1984,3800
Namibia,1986,3500
Namibia,1991,2450
Niger,1985,3181
Niger,1986,3113
Niger,1988,2962
Portugal,1982,100
Portugal,1986,99
Portugal,1988,142
Portugal,1990,111
Spain,1981,151
Spain,1984,191
Spain,1986,214
USA,1986,5200
USA,1987,5000
Yugoslavia,1982,0
Yugoslavia,1984,40
Yugoslavia,1985,29
Yugoslavia,1987,70
Argentina,1995,58
Australia,1999,5997
Australia,2001,7652
Brazil,1993,50
Brazil,2000,50
Brazil,2001,58
Canada,1995,10462
Canada,1999,8214
China,1995,500
China,2002,730
Czech Republic,1997,624
Czech Republic,1998,611
Czech Republic,2002,477
France,1998,508
France,1999,438
France,2001,194
France,2002,12
Gabon,1999,294
Germany,1998,25
Germany,1999,25
Germany,2000,28
India,1994,200
India,1998,200
Kazakhstan,1994,2240
Kazakhstan,2000,1752
Kazakhstan,2001,2050
Namibia,1995,1819
Namibia,2002,3058
Pakistan,1994,23
Pakistan,1999,23
Portugal,1992,29
Portugal,1993,32
Portugal,1997,17
Romania,1993,120
Romania,1994,120
Russia,1995,2250
Russia,1999,2000
Russia,2001,2500
Russia,2002,2900
South Africa,1993,1703
South Africa,1994,1616
South Africa,1995,1443
South Africa,1996,1447
South Africa,1999,919
South Africa,2002,846
Spain,1996,254
Spain,1997,254
Spain,2000,251
Ukraine,1997,500
Ukraine,1998,500
Ukraine,1999,500
Ukraine,2001,750
Australia,2010,5971
Brazil,2010,148
Brazil,2011,265
Canada,2010,9518
China,2006,750
China,2010,827
China,2011,885
Czech Republic,2003,458
Czech Republic,2009,286
Germany,2003,104
Germany,2004,77
Germany,2005,80
India,2003,230
India,2006,230
Kazakhstan,2009,13900
Kazakhstan,2011,19451
Malawi,2011,785
Namibia,2010,4500
Namibia,2012,4500
Niger,2008,2993
Niger,2011,4159
Niger,2012,4821
Pakistan,2009,50
Pakistan,2013,45
Romania,2005,90
Romania,2008,77
Russia,2003,3150
Russia,2006,3262
Russia,2008,3521
Russia,2012,2862
USA,2003,770
USA,2011,1537
Ukraine,2007,846
Uzbekistan,2009,2429
Uzbekistan,2012,3000
Australia,2014,5100
Australia,2016,6235
Brazil,2017,0
Brazil,2018,0
Brazil,2020,15
China,2021,1600
Czech Republic,2019,33
Germany,2017,34
India,2014,385
India,2017,421
India,2019,308
India,2022,600
Iran,2019,71
Iran,2021,21
Iran,2022,20
Kazakhstan,2017,23321
Kazakhstan,2018,21705
Kazakhstan,2021,21819
Namibia,2022,5613
Niger,2016,3478
Niger,2019,2863
Pakistan,2018,45
Romania,2017,0
Russia,2014,2990
Russia,2016,3005
USA,2018,582
USA,2022,75
Uzbekistan,2018,3450
Argentina,1974,32
Argentina,1975,32
Argentina,1980,242
Australia,1979,706
Australia,1980,1561
Canada,1971,3160
Canada,1977,5787
German Federal Republic,1975,57
India,1979,150
Namibia,1976,593
Niger,1970,46
Niger,1973,949
Niger,1979,3615
Portugal,1973,73
Portugal,1976,86
South Africa,1972,3077
South Africa,1978,3975
South Africa,1979,4780
Spain,1976,192
Spain,1980,167
USA,1975,8900
USA,1980,16800
Argentina,1984,129
Argentina,1985,126
Argentina,1986,173
Australia,1984,4324
Australia,1988,3532
Belgium,1981,41
Belgium,1985,44
Brazil,1985,72
China,1989,800
China,1990,800
Gabon,1981,1023
Gabon,1986,917
German Federal Republic,1982,34
German Federal Republic,1984,33
German Federal Republic,1985,31
India,1983,103
Niger,1982,4257
Niger,1983,3429
Portugal,1991,27
South Africa,1985,4877
South Africa,1991,1725
Soviet Union,1990,10500
Spain,1982,155
Spain,1987,223
USA,1981,14800
USA,1982,10300
USA,1988,5051
Yugoslavia,1989,85
Argentina,1992,124
Argentina,1996,23
Australia,1998,4901
Brazil,1994,50
Brazil,1995,125
Canada,1992,9298
Canada,1996,11689
China,1992,955
China,1993,780
China,1999,500
Czech Republic,1992,0
Czech Republic,1999,605
France,1992,2880
France,1996,930
France,1997,748
Gabon,1992,594
Gabon,1993,509
Gabon,1995,630
Gabon,1996,560
Hungary,1993,382
Hungary,1996,227
India,1993,290
India,1995,200
India,2002,230
Kazakhstan,1993,2700
Kazakhstan,2002,2800
Namibia,1998,2520
Namibia,2001,2029
Niger,1998,3713
Niger,1999,2916
Pakistan,2000,23
Pakistan,2001,46
Russia,1993,2399
Russia,1994,2968
Russia,2000,2000
South Africa,1992,1671
South Africa,1997,1122
South Africa,1998,965
South Africa,2000,861
USA,1992,2171
USA,1999,1773
Ukraine,1993,500
Ukraine,1996,500
Ukraine,2002,800
Uzbekistan,1994,2015
Uzbekistan,1998,2000
Brazil,2005,110
Brazil,2008,330
Canada,2004,11599
Canada,2006,9862
Canada,2008,9001
Canada,2009,10176
China,2008,769
China,2012,1500
Czech Republic,2007,322
Czech Republic,2010,259
Czech Republic,2012,222
Czech Republic,2013,232
Germany,2007,41
Germany,2009,0
India,2013,385
Malawi,2013,1133
Namibia,2003,2416
Namibia,2006,3071
Namibia,2007,2888
Niger,2004,3273
Niger,2005,3093
Niger,2009,3241
Pakistan,2003,45
Pakistan,2006,45
Pakistan,2008,45
Pakistan,2011,45
Romania,2004,90
Romania,2013,77
Russia,2013,3135
South Africa,2013,531
USA,2008,1503
USA,2013,1794
Ukraine,2008,800
Ukraine,2013,922
Uzbekistan,2005,2629
Uzbekistan,2006,2270
Uzbekistan,2008,2338
Australia,2015,5656
Australia,2017,5713
Australia,2021,3794
Australia,2022,4519
Canada,2014,9101
Canada,2022,5231
Czech Republic,2014,165
Germany,2014,33
Germany,2016,45
Germany,2020,8
Germany,2021,0
India,2015,385
India,2016,385
Kazakhstan,2014,23127
Kazakhstan,2016,24586
Kazakhstan,2022,21227
Namibia,2020,4204
Niger,2014,4156
Niger,2017,3485
Niger,2021,2282
Romania,2015,77
Russia,2017,2917
South Africa,2021,153
South Africa,2022,188
USA,2020,6
USA,2021,8
Ukraine,2016,808
Ukraine,2019,801
Ukraine,2020,744
Uzbekistan,2016,3325
Argentina,1976,174
Argentina,1977,185
Canada,1972,3755
Canada,1973,3661
Gabon,1975,930
Gabon,1980,1034
German Federal Republic,1976,38
German Federal Republic,1978,41
German Federal Republic,1980,41
Niger,1972,737
Niger,1980,4132
Portugal,1970,80
Portugal,1977,94
Portugal,1978,86
South Africa,1974,2712
South Africa,1980,6186
Spain,1974,62
USA,1974,8868
